published,title,url,matched_keywords,excerpt
2025-08-27T10:46:42+07:00,"AS, India sepakat perkuat kerja sama pertahanan",https://www.antaranews.com/berita/5066577/as-india-sepakat-perkuat-kerja-sama-pertahanan,\bkeamanan\b,"<img align=""left"" border=""0"" src=""https://img.antaranews.com/cache/800x533/2025/08/27/GedungPutihXinhua.jpg"" />Amerika Serikat dan India berharap dapat meningkatkan kerja sama pertahanan dan berencana menandatangani kerangka kerja ..."
2025-08-27T10:44:53+07:00,Polda PBD turunkan ratusan personel amankan situasi Kota Sorong,https://www.antaranews.com/berita/5066569/polda-pbd-turunkan-ratusan-personel-amankan-situasi-kota-sorong,\bkeamanan\b,"<img align=""left"" border=""0"" src=""https://img.antaranews.com/cache/800x533/2025/08/27/1000556156.jpg"" />Polda Papua Barat Daya menurunkan ratusan personel untuk mengamankan situasi dan kondisi Kota Sorong terhadap aksi ..."
2025-08-27T10:30:50+07:00,"AS-Venezuela memanas, Meksiko tolak campur tangan asing",https://www.antaranews.com/berita/5066549/as-venezuela-memanas-meksiko-tolak-campur-tangan-asing,\bancam(an| mengancam)?\b;\bkeamanan\b;\bteror(isme|is|isnya)?\b,"<img align=""left"" border=""0"" src=""https://img.antaranews.com/cache/800x533/2025/07/12/XxjpbeE007002_20250305_PEPFN0A001.jpg"" />Meksiko menentang segala bentuk campur tangan asing dalam urusan internal Venezuela dan akan selalu menjunjung tinggi ..."
2025-08-27T10:26:32+07:00,Wagub usul penempatan helikopter Basarnas di Sumbar,https://www.antaranews.com/berita/5066545/wagub-usul-penempatan-helikopter-basarnas-di-sumbar,\bancam(an| mengancam)?\b,"<img align=""left"" border=""0"" src=""https://img.antaranews.com/cache/800x533/2025/08/27/wagubsumbar.jpg"" />Wakil Gubernur Sumatera Barat Vasko Ruseimy menyampaikan usul penempatan helikopter Basarnas di Sumbar sebagai mitigasi ..."
2025-08-27T10:24:51+07:00,Bripda AMS Terduga Pembunuh Putri Apriyani Dipecat dari Polri,https://www.cnnindonesia.com/nasional/20250827095514-12-1266867/bripda-ams-terduga-pembunuh-putri-apriyani-dipecat-dari-polri,\bpenculikan\b,"<img src=""https://akcdn.detik.net.id/visual/2023/05/30/ilustrasi-penangkapan-1_169.jpeg?w=360&amp;q=90"" /> Polres Indramayu, Jawa Barat mengungkap tersangka pembunuhan Putri Apriyani (21), AMS, merupakan anggota polisi berpangkat Bripda."
2025-08-27T10:17:59+07:00,"Gunung Marapi erupsi Rabu pagi, lontarkan abu setinggi 800 meter",https://www.antaranews.com/berita/5066529/gunung-marapi-erupsi-rabu-pagi-lontarkan-abu-setinggi-800-meter,\bancam(an| mengancam)?\b,"<img align=""left"" border=""0"" src=""https://img.antaranews.com/cache/800x533/2025/08/27/1000784563_1.jpg"" />Pos Gunung Api (PGA) Gunung Marapi melaporkan gunung api yang berada di Kabupaten Agam dan Kabupaten Tanah Datar, ..."
2025-08-27T10:10:46+07:00,Trump klaim bisa akhiri perang Ukraina lewat tekanan dan negosiasi,https://www.antaranews.com/berita/5066525/trump-klaim-bisa-akhiri-perang-ukraina-lewat-tekanan-dan-negosiasi,\bancam(an| mengancam)?\b;\bkeamanan\b,"<img align=""left"" border=""0"" src=""https://img.antaranews.com/cache/800x533/2025/08/20/CmxztpE007030_20250819_PEPFN0A001.jpg"" />Presiden Amerika Serikat Donald Trump meyakini bahwa dirinya harus melakukan segalanya untuk mengakhiri konflik ..."
2025-08-27T09:58:08+07:00,Satgas Cartenz rekonstruksi kasus pembunuhan dua Brimob di Nabire,https://www.antaranews.com/berita/5066501/satgas-cartenz-rekonstruksi-kasus-pembunuhan-dua-brimob-di-nabire,\bkeamanan\b;\bpenembak(an)?\b,"<img align=""left"" border=""0"" src=""https://img.antaranews.com/cache/800x533/2025/08/27/REKONSTRUKSI-PEMBUNUHAN-BRIMOB-NABIRE-1.jpeg"" />Satuan Tugas Operasi Damai Cartenz bersama Polres Nabire telah menggelar rekonstruksi kasus pembunuhan berencana ..."
2025-08-27T09:54:00+07:00,FOTO: Manuver Tank Israel di Perbatasan Gaza,https://www.cnnindonesia.com/internasional/20250826160813-122-1266629/foto-manuver-tank-israel-di-perbatasan-gaza,\bserang(an| menyerang| diserang)?\b,"<img src=""https://akcdn.detik.net.id/visual/2025/08/26/tank-israel-bergerak-di-perbatasan-gaza-1756199239470_169.jpeg?w=360&amp;q=90"" /> Tank-tank Israel melakukan manuver di sejumlah perbatasan Kota Gaza demi meningkatkan serangan melalui jalur darat pada Selasa (26/8)."
2025-08-27T09:52:17+07:00,"IHSG ""rebound"" seiring pasar respons ""rebalancing"" indeks MSCI",https://www.antaranews.com/berita/5066489/ihsg-rebound-seiring-pasar-respons-rebalancing-indeks-msci,\bancam(an| mengancam)?\b;\bserang(an| menyerang| diserang)?\b,"<img align=""left"" border=""0"" src=""https://img.antaranews.com/cache/800x533/2025/08/15/IHSG-cetak-rekor-saat-Presiden-Prabowo-pidato-kenegaraan-150825-Ada-1_1.jpg"" />Indeks Harga Saham Gabungan (IHSG) Bursa Efek Indonesia (BEI) pada Rabu berbalik menguat (rebound) seiring pelaku pasar ..."
2025-08-27T09:43:50+07:00,"Polisi: 4 Klaster Tersangka Kasus Kacab Bank, Buntuti hingga Aniaya",https://www.cnnindonesia.com/nasional/20250827090324-12-1266844/polisi-4-klaster-tersangka-kasus-kacab-bank-buntuti-hingga-aniaya,\bpenculikan\b,"<img src=""https://akcdn.detik.net.id/visual/2019/05/11/f75e356e-86bf-4e86-bfd0-baa713aea981_169.jpeg?w=360&amp;q=90"" /> Polisi menyebut ada empat klaster tersangka dalam kasus pembunuhan M Ilham Pradipta (37), ada yang membuntuti, ada yang menculik, ada juga menganiaya."
2025-08-27T09:43:23+07:00,"Terpopuler, BGN cek impor ompreng MBG hingga tunjangan rumah DPR",https://www.antaranews.com/berita/5066481/terpopuler-bgn-cek-impor-ompreng-mbg-hingga-tunjangan-rumah-dpr,\bpenculikan\b;\bunjuk\s?rasa\b,"<img align=""left"" border=""0"" src=""https://img.antaranews.com/cache/800x533/2025/08/22/penerima-manfaat-program-mbg-di-jawa-timur-2605065.jpg"" />Sejumlah berita unggulan Rabu untuk disimak, BGN cek dugaan impor ompreng MBG mengandung minyak babi hingga Dasco ..."
2025-08-27T09:34:28+07:00,Polda Kalteng cari keberadaan anggota Polres Kotim yang hilang,https://www.antaranews.com/berita/5066477/polda-kalteng-cari-keberadaan-anggota-polres-kotim-yang-hilang,\bancam(an| mengancam)?\b,"<img align=""left"" border=""0"" src=""https://img.antaranews.com/cache/800x533/2025/08/27/1000960283.jpg"" />Polda Kalimantan Tengah (Kalteng) menyatakan saat ini sedang melakukan pencarian keberadaan anggota Polres Kotawaringin ..."
2025-08-27T09:30:02+07:00,Kostrad Buka Suara soal Pengosongan 13 Rumah di Kebayoran Lama Jaksel,https://www.cnnindonesia.com/nasional/20250827072804-12-1266796/kostrad-buka-suara-soal-pengosongan-13-rumah-di-kebayoran-lama-jaksel,\bpenculikan\b,"<img src=""https://akcdn.detik.net.id/visual/2025/08/27/warga-tolak-pengosongan-paksa-oleh-kostard-1756264940348_169.jpeg?w=360&amp;q=90"" /> Kostrad buka suara soal pengosongan 13 rumah warga di Kebayoran Lama, Jakarta yang mendapat penolakan warga."
2025-08-27T09:22:05+07:00,VIDEO: Trump Doakan Taylor Swift-Travis Kelce yang Bertunangan,https://www.cnnindonesia.com/internasional/20250827081926-139-1266816/video-trump-doakan-taylor-swift-travis-kelce-yang-bertunangan,\bserang(an| menyerang| diserang)?\b,"<img src=""https://akcdn.detik.net.id/visual/2025/08/27/thumbnail-video-1756257705739_169.jpeg?w=360&amp;q=90"" /> Presiden Amerika Serikat Donald Trump ikut berkomentar soal kabar mengejutkan dari Taylor Swift dan Travis Kelce yang telah mengumumkan pertunangan mereka."
2025-08-27T09:11:31+07:00,"IHSG Rabu dibuka menguat 4,50 poin",https://www.antaranews.com/berita/5066437/ihsg-rabu-dibuka-menguat-450-poin,\bancam(an| mengancam)?\b,"<img align=""left"" border=""0"" src=""https://img.antaranews.com/cache/800x533/2025/08/15/IHSG-cetak-rekor-saat-Presiden-Prabowo-pidato-kenegaraan-150825-Ada-1_1.jpg"" />Indeks Harga Saham Gabungan (IHSG) Bursa Efek Indonesia (BEI) pada Rabu pagi dibuka menguat 4,50 poin atau 0,06 persen ..."
2025-08-27T09:10:15+07:00,Media terkemuka Jepang gugat perusahaan AI AS atas hak cipta,https://www.antaranews.com/berita/5066433/media-terkemuka-jepang-gugat-perusahaan-ai-as-atas-hak-cipta,\bkeamanan\b,"<img align=""left"" border=""0"" src=""https://img.antaranews.com/cache/800x533/2025/08/13/pexels-tara-winstead-8386440.jpg"" />Dua media terkemuka Jepang, Nikkei Inc. dan The Asahi Shimbun Company, Selasa (26/8), memulai proses hukum terhadap ..."
2025-08-27T09:00:23+07:00,"Suriah tolak pulihkan hubungan dengan Israel, fokus hadiri Sidang PBB",https://www.antaranews.com/berita/5066417/suriah-tolak-pulihkan-hubungan-dengan-israel-fokus-hadiri-sidang-pbb,\bserang(an| menyerang| diserang)?\b,"<img align=""left"" border=""0"" src=""https://img.antaranews.com/cache/800x533/2025/08/23/CmxztpE007041_20250823_PEPFN0A001.jpg"" />Presiden Suriah Ahmad Al-Sharaa, Selasa, menyatakan penolakannya untuk menormalisasikan hubungan dengan Israel dengan ..."
2025-08-27T08:55:26+07:00,Pemerintah manfaatkan AI untuk percepat digitalisasi layanan publik,https://www.antaranews.com/berita/5066413/pemerintah-manfaatkan-ai-untuk-percepat-digitalisasi-layanan-publik,\bkeamanan\b,"<img align=""left"" border=""0"" src=""https://img.antaranews.com/cache/800x533/2025/08/27/komite-transformasi-digital_1.jpg"" />Pemerintah berupaya mempercepat pelaksanaan digitalisasi layanan publik dengan memanfaatkan teknologi kecerdasan ..."
2025-08-27T08:38:02+07:00,Daftar Terduga Pelaku Penculikan dan Pembunuhan Kacab Bank,https://www.cnnindonesia.com/nasional/20250827064512-12-1266788/daftar-terduga-pelaku-penculikan-dan-pembunuhan-kacab-bank,\bpenculikan\b,"<img src=""https://akcdn.detik.net.id/visual/2024/05/18/ilustrasi-pembunuhan-wanita-1_169.jpeg?w=360&amp;q=90"" /> Polisi menangkap 15 orang terkait penculikan dan pembunuhan Kacab Bank M Ilham Pradipta. Ada nama crazy rich Jambi hingga dugaan keterlibatan oknum."
2025-08-27T08:35:18+07:00,"Israel Serang Suriah, 6 Orang Tewas",https://www.cnnindonesia.com/internasional/20250827082834-120-1266827/israel-serang-suriah-6-orang-tewas,\bserang(an| menyerang| diserang)?\b,"<img src=""https://akcdn.detik.net.id/visual/2025/07/17/serangan-udara-israel-hancurkan-markas-kemenhan-suriah-di-damaskus-1752709849352_169.jpeg?w=360&amp;q=90"" /> Enam prajurit militer Suriah tewas dalam serangan pesawat nirawak Israel di selatan Damaskus."
2025-08-27T08:32:11+07:00,UGM Nonaktifkan Dwi Hartono Tersangka Dalang Penculikan Kacab Bank,https://www.cnnindonesia.com/nasional/20250827082217-12-1266819/ugm-nonaktifkan-dwi-hartono-tersangka-dalang-penculikan-kacab-bank,\bpenculikan\b,"<img src=""https://akcdn.detik.net.id/visual/2025/05/15/universitas-gadjah-mada-1747298809962_169.png?w=360&amp;q=90"" /> Universitas Gadjah Mada menonaktifkan Dwi Hartono, tersangka penculikan dan pembunuhan Kacab Bank. UGM mendukung proses hukum dan mengecam kekerasan."
2025-08-27T08:21:42+07:00,Penceramah Evie Effendie Dipolisikan Terkait Dugaan KDRT,https://www.cnnindonesia.com/nasional/20250827074241-12-1266806/penceramah-evie-effendie-dipolisikan-terkait-dugaan-kdrt,\bserang(an| menyerang| diserang)?\b,"<img src=""https://akcdn.detik.net.id/visual/2018/08/16/9509aa97-bf90-455e-964f-2c85eec7345c_169.jpeg?w=360&amp;q=90"" /> Penceramah Evie Effendie dilaporkan anaknya sendiri atas dugaan KDRT dan penganiayaan."
2025-08-27T07:00:08+07:00,Dubes Iran Diusir Australia sampai Malaysia Diserbu Pekerja Bangladesh,https://www.cnnindonesia.com/internasional/20250827063413-113-1266784/dubes-iran-diusir-australia-sampai-malaysia-diserbu-pekerja-bangladesh,\bserang(an| menyerang| diserang)?\b,"<img src=""https://akcdn.detik.net.id/visual/2025/08/27/bangladesh-garments-1756251968223_169.jpeg?w=360&amp;q=90"" /> Berita tentang duta besar Iran diusir Australia dan Malaysia yang diserbu pekerja asal Bangladesh jadi artikel populer dalam 24 jam terakhir."
2025-08-27T06:00:00+07:00,Ini Alasan 'Tak Masuk Akal' Israel Serang RS Nasser dan Bunuh 5 Jurnalis,https://www.cnnindonesia.com/internasional/20250827050412-120-1266776/ini-alasan-tak-masuk-akal-israel-serang-rs-nasser-bunuh-5-jurnalis,\bserang(an| menyerang| diserang)?\b,"<img src=""https://akcdn.detik.net.id/visual/2025/08/26/serangan-bengis-israel-ke-rs-nasser-bunuh-5-jurnalis-di-gaza-1756172188104_169.jpeg?w=360&amp;q=90"" /> PM Israel Benjamin Netanyahu mengaku menyesali serangan udara ganda ke RS Nasser di Jalur Gaza Palestina yang menewaskan 20 orang, termasuk lima jurnalis."
2025-08-27T05:10:00+07:00,Polisi Bekuk 39 Orang saat Demo Tolak Tunjangan DPR di Medan,https://www.cnnindonesia.com/nasional/20250826233405-20-1266762/polisi-bekuk-39-orang-saat-demo-tolak-tunjangan-dpr-di-medan,\bdemo(nstrasi)?\b,"<img src=""https://akcdn.detik.net.id/visual/2025/08/26/ribuan-massa-tolak-kenaikan-tunjangan-dpr-di-medan-dan-polisi-terlibat-bentrok-1756203547277_169.jpeg?w=360&amp;q=90"" /> Polisi menangkap 39 orang dari massa demo memprotes tunjangan mewah anggota DPR RI di depan Kantor DPRD Sumatra Utara, Medan, pada Selasa (26/8)."
2025-08-27T04:10:00+07:00,Polda NTT Siaga Lindungi Warga di Lokasi Sengketa Batas RI-Timor Leste,https://www.cnnindonesia.com/nasional/20250826151241-12-1266623/polda-ntt-siaga-lindungi-warga-di-lokasi-sengketa-batas-ri-timor-leste,\bpenembak(an)?\b,"<img src=""https://akcdn.detik.net.id/visual/2025/08/26/perbatasan-ri-timor-leste-memanas-1-warga-tertembak-1756165644560_169.jpeg?w=360&amp;q=90"" /> Polda NTT lakukan perlindungan warga negara Indonesia di perbatasan setelah penembakan oleh aparat Timor Leste. Koordinasi dilakukan guna meredam ketegangan."
2025-08-27T02:24:58+00:00,"Venezuela deploys warships, drones to coast as US naval squadron nears",https://www.aljazeera.com/news/2025/8/27/venezuela-deploys-warships-drones-to-coast-as-us-naval-squadron-nears?traffic_source=rss,\battack(s|ed|ing)?\b;\bsecurity\b;\bterror(ism|ist|ize|ized|izing|s)?\b;\bthreat(s|ened|ening)?\b,Venezuelan Defence Ministry orders naval patrols as US warships sent to waters off coast to tackle drug cartels.
2025-08-27T02:16:49+00:00,UN demands justice over Israeli double strike on Gaza hospital,https://www.bbc.com/news/articles/cd6n97gj1nqo?at_medium=RSS&at_campaign=rss,\battack(s|ed|ing)?\b,"An initial Israeli military report says the attack targeted a ""Hamas camera"" and identified ""gaps"" for further investigation."
2025-08-27T01:50:14+00:00,Ukraine admits Russia has entered key region of Dnipropetrovsk,https://www.bbc.com/news/articles/c17n1p24yv9o?at_medium=RSS&at_campaign=rss,\battack(s|ed|ing)?\b,"Military says Russian advance ""is the first attack of such a large scale"" in industrial province."
2025-08-27T01:43:08+00:00,Australia police shooting suspect named as manhunt continues,https://www.bbc.com/news/articles/c4g6wlxd5kko?at_medium=RSS&at_campaign=rss,\bshoot(ing|ings|er|ers)?\b,Two officers were killed and another injured in a shooting at a rural property in Victoria on Tuesday.
2025-08-27T01:29:06+00:00,US envoy prompts outrage in Lebanon after telling media to ‘act civilised’,https://www.aljazeera.com/news/2025/8/27/us-envoy-prompts-outrage-in-lebanon-after-telling-media-to-act-civilised?traffic_source=rss,\bsecurity\b,Tom Barrack&#039;s remarks to journalists trigger calls for an apology and media boycott.
2025-08-27T00:55:24+00:00,"Russia-Ukraine war: List of key events, day 1,280",https://www.aljazeera.com/news/2025/8/27/russia-ukraine-war-list-of-key-events-day-1280?traffic_source=rss,\battack(s|ed|ing)?\b;\bbomb(ing|ings|ed|s)?\b;\bsecurity\b,"Here are the key events on day 1,280 of Russia’s war on Ukraine."
2025-08-26T23:47:04+00:00,Trump loyalist who pushed false election claims takes on government role,https://www.aljazeera.com/news/2025/8/26/trump-loyalist-who-pushed-false-election-claims-takes-on-government-role?traffic_source=rss,\battack(s|ed|ing)?\b;\bsecurity\b,"Heather Honey, who supported Trump&#039;s false claims about the 2020 race, has been named to oversee &#039;election integrity&#039;."
2025-08-26T23:17:20+00:00,'I thought it was the end of my life': Inside Israel's attack on Iran's Evin Prison,https://www.bbc.com/news/articles/czd0e23j9q8o?at_medium=RSS&at_campaign=rss,\battack(s|ed|ing)?\b,"In an exclusive interview with BBC Persian, a prisoner describes what happened when Israeli missiles tore through Iran's most notorious jail."
2025-08-26T22:53:06+00:00,Six Syrian soldiers killed in Israeli strikes near Damascus: State media,https://www.aljazeera.com/news/2025/8/26/six-syrian-soldiers-killed-in-israeli-strikes-near-damascus-state-media?traffic_source=rss,\bbomb(ing|ings|ed|s)?\b,Israel has launched hundreds of strikes across Syria following the fall of the Bashar al-Assad regime last December.
2025-08-26T22:23:52+00:00,Brazilian high court requests increased security for Bolsonaro,https://www.aljazeera.com/news/2025/8/26/brazilian-high-court-requests-increased-security-for-bolsonaro?traffic_source=rss,\bsecurity\b,"Stronger police presence is called for to monitor the former president, who is under house arrest awaiting trial."
2025-08-26T21:56:43+00:00,Trump administration considers stake in defence firms like Lockheed Martin,https://www.aljazeera.com/economy/2025/8/26/trump-administration-considers-stake-in-defence-firms-like-lockheed-martin?traffic_source=rss,\battack(s|ed|ing)?\b,"US Commerce Secretary Howard Lutnick floated the possible investment in a TV appearance, as part of a wider Trump push."
2025-08-26T21:49:11+00:00,"‘Day of Disruption’: Families, supporters of Israeli Gaza captives protest",https://www.aljazeera.com/news/2025/8/26/day-of-disruption-families-supporters-of-israeli-gaza-captives-protest?traffic_source=rss,\bprotest(s|er|ers|ing)?\b,"Israelis demand a ceasefire and captive deal as the military intensifies bombardment across Gaza, killing dozens."
2025-08-26T21:38:29+00:00,Taylor Swift and Travis Kelce announce engagement,https://www.bbc.com/news/articles/c707grqqdnwo?at_medium=RSS&at_campaign=rss,\bthreat(s|ened|ening)?\b,Superstar pop singer announces on Instagram that she will marry her NFL star partner.
2025-08-26T21:38:06+00:00,"Israel pushes further into Gaza City, killing and displacing Palestinians",https://www.aljazeera.com/news/2025/8/26/israel-pushes-further-into-gaza-city-killing-and-displacing-palestinians?traffic_source=rss,\battack(s|ed|ing)?\b;\bbomb(ing|ings|ed|s)?\b,Palestinian families are choosing between braving Israel’s fierce bombardment at home or being forcibly displaced again.
2025-08-26T21:15:17+00:00,How the double strike on Gaza's Nasser Hospital unfolded,https://www.bbc.com/news/videos/c36jdze5r4ko?at_medium=RSS&at_campaign=rss,\battack(s|ed|ing)?\b,BBC Verify analyses footage from the attack and its aftermath to piece together the timeline of events and what it reveals.
2025-08-26T21:05:20+00:00,Cook to sue Trump over order to fire her from Federal Reserve,https://www.bbc.com/news/articles/cx275n8gx0ro?at_medium=RSS&at_campaign=rss,\bdemonstrat(e|ion|ions|or|ors|ing|ed|es)\b,"The central bank governor says the US president ""has no authority to do so"" in defiance of Trump's escalatory move against the Fed."
2025-08-26T20:53:52+00:00,"Donald Trump promises death penalty for murder cases in Washington, DC",https://www.aljazeera.com/news/2025/8/26/donald-trump-promises-death-penalty-for-murder-cases-in-washington-dc?traffic_source=rss,\battack(s|ed|ing)?\b,The Republican leader had pledged to &#039;restore&#039; the death penalty upon returning to the White House for a second term.
2025-08-26T20:52:03+00:00,Al Jazeera reporter flees on air after Israeli strike threat on Gaza,https://www.aljazeera.com/video/newsfeed/2025/8/26/al-jazeera-reporter-flees-on-air-after-israeli-strike-threat-on-gaza?traffic_source=rss,\bthreat(s|ened|ening)?\b,Al Jazeera’s Ola Abu Moamer was live on air when she was forced to evacuate from a ‘safe zone’ in Gaza.
2025-08-26T20:51:06+07:00,Sahroni Dukung Penangkapan Pedemo Anarkis di DPR Meski di Bawah Umur,https://www.cnnindonesia.com/nasional/20250826203743-20-1266743/sahroni-dukung-penangkapan-pedemo-anarkis-di-dpr-meski-di-bawah-umur,\bdemo(nstrasi)?\b,"<img src=""https://akcdn.detik.net.id/visual/2023/09/04/ahmad-sahroni-batal-laporkan-sby-2_169.jpeg?w=360&amp;q=90"" /> Sahroni dukung penangkapan pedemo ricuh anarkis, sekalipun masih di bawah umur. Dia bilang, ""Itu bayangin, di bawah umur aja begitu brengseknya bersikap."""
2025-08-26T20:46:59+00:00,Journalists in Gaza protest Israel’s killing of their colleagues,https://www.aljazeera.com/video/newsfeed/2025/8/26/journalists-in-gaza-protest-israels-killing-of-their-colleagues?traffic_source=rss,\bprotest(s|er|ers|ing)?\b,A group of Palestinian journalists gathered to protest Israel’s killing of their colleagues at Nasser hospital.
2025-08-26T20:44:11+07:00,Hitungan ICW: Gaji dan Tunjangan DPR Saat Ini Capai Rp239 Juta per Bulan,https://www.cnnindonesia.com/nasional/20250826194707-20-1266740/hitungan-icw-gaji-tunjangan-dpr-saat-ini-capai-rp239-juta-per-bulan,\bdemo(nstrasi)?\b,"<img src=""https://akcdn.detik.net.id/visual/2024/03/28/rapat-paripurna-dpr-1_169.jpeg?w=360&amp;q=90"" /> ICW mengungkap hitung-hitungan diperkirakan anggota DPR RI periode 2024-2029 menerima gaji dan tunjangan Rp239 juta per bulan."
2025-08-26T20:30:26+07:00,Kapolri Buka Suara soal Desakan Keluarga Arya Daru,https://www.cnnindonesia.com/nasional/20250826201359-12-1266737/kapolri-buka-suara-soal-desakan-keluarga-arya-daru,\bpenculikan\b,"<img src=""https://akcdn.detik.net.id/visual/2022/08/09/polri-tetapkan-irjen-ferdy-sambo-tersangka_169.jpeg?w=360&amp;q=90"" /> Kapolri Jenderal Listyo Sigit Prabowo membuka kemungkinan untuk melibatkan langsung Mabes Polri dan pihak eksternal agar kasus Arya Daru bisa terang benderang."
2025-08-26T20:18:12+07:00,"15 Orang Dibekuk, Polda Metro Masih Dalami Motif Penculikan Kacab Bank",https://www.cnnindonesia.com/nasional/20250826192400-12-1266717/15-orang-dibekuk-polda-metro-masih-dalami-motif-penculikan-kacab-bank,\bpenculikan\b,"<img src=""https://akcdn.detik.net.id/visual/2018/07/09/581badcd-a1c9-488b-a5b9-14a70f0eb064_169.jpeg?w=360&amp;q=90"" /> Polda Metro Jaya telah menangkap total 15 orang terkait penculikan dan pembunuhan kacab bank di Jakarta. Motif kasus masih didalami."
2025-08-26T20:03:34+00:00,At least 34 Colombian soldiers kidnapped after clashes with FARC dissidents,https://www.aljazeera.com/news/2025/8/26/at-least-34-colombian-soldiers-kidnapped-after-clashes-with-farc-dissidents?traffic_source=rss,\battack(s|ed|ing)?\b;\bbomb(ing|ings|ed|s)?\b;\bexplos(ion|ive|ives|ions)\b;\bsecurity\b,Defence minister says soldiers taken while evacuating area after a military operation that killed 11 rebels.
2025-08-26T20:00:02+07:00,"Trump Lagi-lagi Muncul di Publik dengan Tangan Memar, Sakit Apa?",https://www.cnnindonesia.com/internasional/20250826192914-134-1266714/trump-lagi-lagi-muncul-di-publik-dengan-tangan-memar-sakit-apa,\bancam(an| mengancam)?\b,"<img src=""https://akcdn.detik.net.id/visual/2025/08/26/tangan-donald-trump-terlihat-memar-saat-bertemu-presiden-korsel-1756178231760_169.jpeg?w=360&amp;q=90"" /> Tangan Trump kembali tampak memar saat menjamu kedatangan Presiden Korsel Lee Jae Myung di Oval Office."
2025-08-26T19:55:51+07:00,TNI Belum Terima Info soal Dugaan Oknum di Kasus Penculikan Kacab Bank,https://www.cnnindonesia.com/nasional/20250826191620-12-1266711/tni-belum-terima-info-soal-dugaan-oknum-di-kasus-penculikan-kacab-bank,\bpenculikan\b,"<img src=""https://akcdn.detik.net.id/visual/2019/09/21/5871b50b-de87-41b7-8820-9df35dcde19e_169.jpeg?w=360&amp;q=90"" /> Mabes TNI menanggapi dugaan keterlibatan oknum aparat dalam penculikan dan pembunuhan Kacab Bank di Jakarta. Ada 15 orang telah ditangkap terkait kasus ini."
2025-08-26T19:20:28+07:00,China Syok Israel Bunuh Jurnalis-Nakes di Gaza: Setop Agresi!,https://www.cnnindonesia.com/internasional/20250826181042-113-1266689/china-syok-israel-bunuh-jurnalis-nakes-di-gaza-setop-agresi,\bserang(an| menyerang| diserang)?\b,"<img src=""https://akcdn.detik.net.id/visual/2025/08/26/serangan-bengis-israel-ke-rs-nasser-bunuh-5-jurnalis-di-gaza-1756172241649_169.jpeg?w=360&amp;q=90"" /> China mengaku kaget dan mengutuk serangan Israel di RS Nasser Gaza hingga menewaskan nakes-jurnalis."
2025-08-26T18:35:00+07:00,VIDEO: Trump Ngaku Tak Senang Israel Serang RS Nasser Gaza,https://www.cnnindonesia.com/internasional/20250826141336-139-1266579/video-trump-ngaku-tak-senang-israel-serang-rs-nasser-gaza,\bserang(an| menyerang| diserang)?\b,"<img src=""https://akcdn.detik.net.id/visual/2025/08/26/thumbnail-video-1756192750545_169.jpeg?w=360&amp;q=90"" /> Trump mengaku tidak senang dengan serangan Israel ke rumah sakit di Gaza yang menewaskan 20 orang, termasuk tewaskan petugas medis-jurnalis."
2025-08-26T18:34:18+07:00,Wakil Ketua DPR Dasco Sebut Kelompok Buruh Akan Demo 28 Agustus,https://www.cnnindonesia.com/nasional/20250826181743-32-1266691/wakil-ketua-dpr-dasco-sebut-kelompok-buruh-akan-demo-28-agustus,\bdemo(nstrasi)?\b,"<img src=""https://akcdn.detik.net.id/visual/2024/09/22/sufmi-dasco-ahmad-12_169.jpeg?w=360&amp;q=90"" /> Wakil Ketua DPR Sufmi Dasco Ahmad mendapat laporan akan ada demo buruh pada 28 Agustus mendatang. Apa saja tuntutan buruh?"
2025-08-26T18:00:45+00:00,Deadly Israeli attack hits crowded Gaza market,https://www.aljazeera.com/video/newsfeed/2025/8/26/deadly-israeli-attack-hits-crowded-gaza-market?traffic_source=rss,\battack(s|ed|ing)?\b,Video captured the chaotic aftermath of a deadly Israeli attack on a crowded Gaza market near al-Ahli Arab Hospital.
2025-08-26T17:58:38+00:00,Lula denounces US decision to revoke visa from Brazilian justice minister,https://www.aljazeera.com/news/2025/8/26/lula-denounces-us-decision-to-revoke-visa-from-brazilian-justice-minister?traffic_source=rss,\battack(s|ed|ing)?\b,The president has denounced Donald Trump&#039;s attacks against Brazilian officials as &#039;unacceptable&#039; amid Bolsonaro trial.
2025-08-26T17:55:54+07:00,Pengacara Ungkap Tiga Klaster Tersangka di Kasus Pembunuhan Kacab Bank,https://www.cnnindonesia.com/nasional/20250826171600-12-1266666/pengacara-ungkap-tiga-klaster-tersangka-di-kasus-pembunuhan-kacab-bank,\bpenculikan\b,"<img src=""https://akcdn.detik.net.id/visual/2023/05/30/ilustrasi-penangkapan-1_169.jpeg?w=360&amp;q=90"" /> Pengacara membeberkan tiga klaster tersangka dalam kasus pembunuhan kepala cabang bank, yakni pengintai, penculik, dan eksekutor."
2025-08-26T17:51:01+00:00,Iran warns European powers of consequences for sanctions at nuclear talks,https://www.aljazeera.com/news/2025/8/26/iran-european-powers-hold-nuclear-talks-in-geneva-amid-sanctions?traffic_source=rss,\battack(s|ed|ing)?\b;\bsecurity\b;\bthreat(s|ened|ening)?\b,"Iran told Germany, France, UK  during meeting in Geneva they do not have the right to trigger the &#039;snapback mechanism&#039;."
2025-08-26T17:39:09+00:00,Teen avoids jail over plot to attack Taylor Swift Vienna concert,https://www.bbc.com/news/articles/crlz72l66pro?at_medium=RSS&at_campaign=rss,\battack(s|ed|ing)?\b;\bbomb(ing|ings|ed|s)?\b,Mohamed A will serve an 18-month suspended sentence after sending bomb-making instructions.
2025-08-26T17:30:03+00:00,US consumer confidence tumbles as labour market slows,https://www.aljazeera.com/economy/2025/8/26/us-consumer-confidence-tumbles-as-labour-market-slows?traffic_source=rss,\battack(s|ed|ing)?\b,"After a lackluster jobs report last month, Americans are less confident about short-term income and are spending less."
2025-08-26T17:21:37+07:00,Update Kasus Pembunuhan Kepala Cabang Bank: Total 15 Orang Ditangkap,https://www.cnnindonesia.com/nasional/20250826163248-12-1266644/update-kasus-pembunuhan-kepala-cabang-bank-total-15-orang-ditangkap,\bpenculikan\b,"<img src=""https://akcdn.detik.net.id/visual/2023/05/30/ilustrasi-penangkapan-3_169.jpeg?w=360&amp;q=90"" /> Polisi total telah menangkap total 15 orang terkait aksi penculikan dan pembunuhan terhadap MIP selaku Kepala Kantor Cabang Pembantu (KCP) bank di Jakarta Pusat"
2025-08-26T17:15:01+07:00,"Dua Polisi Ditembak Mati di Australia, Pelaku Kabur",https://www.cnnindonesia.com/internasional/20250826161506-113-1266638/dua-polisi-ditembak-mati-di-australia-pelaku-kabur,\bpenembak(an)?\b,"<img src=""https://akcdn.detik.net.id/visual/2025/08/26/australia-crime-1756201738333_169.jpeg?w=360&amp;q=90"" /> Dua polisi ditembak mati sementara satu orang lainnya mengalami luka dalam insiden penembakan di Victoria, Australia."
2025-08-26T17:07:30+00:00,What are double-tap strikes that Israel used to hit a hospital?,https://www.aljazeera.com/news/2025/8/26/what-are-double-tap-strikes-that-israel-used-to-hit-a-hospital?traffic_source=rss,\battack(s|ed|ing)?\b;\bbomb(ing|ings|ed|s)?\b,"Israel&#039;s two strikes on Nasser Hospital are part of a pattern that has run the length of the war, monitors say."
2025-08-26T17:04:45+00:00,Who were the five journalists killed in Israel’s Gaza hospital attack?,https://www.aljazeera.com/news/2025/8/26/who-were-the-five-journalists-killed-in-israels-gaza-hospital-attack?traffic_source=rss,\battack(s|ed|ing)?\b,Israel killed five journalists when it attacked Nasser Hospital in Khan Younis on Monday using a ‘double-tap’ attack.
2025-08-26T16:37:03+07:00,"Viral Penangkapan Pedemo di Resto Mie Gacoan, Polisi Buka Suara",https://www.cnnindonesia.com/nasional/20250826162029-12-1266641/viral-penangkapan-pedemo-di-resto-mie-gacoan-polisi-buka-suara,\bdemo(nstrasi)?\b,"<img src=""https://akcdn.detik.net.id/visual/2025/08/25/demo-ricuh-di-kawasan-pejompongan-1756126021800_169.jpeg?w=360&amp;q=90"" /> Polisi buka suara soal video viral petugas menangkap sejumlah orang di dalam resto Mie Gacoan di Jakarta Pusat saat aksi demo 25 Agustus DPR yang berujung ricuh"
2025-08-26T16:13:13+07:00,Tersangka Penculik Kacab Bank Mengaku Diperintah Oknum,https://www.cnnindonesia.com/nasional/20250826152535-12-1266619/tersangka-penculik-kacab-bank-mengaku-diperintah-oknum,\bpenculikan\b,"<img src=""https://akcdn.detik.net.id/visual/2023/05/30/ilustrasi-penculikan-3_169.jpeg?w=360&amp;q=90"" /> Tersangka penculikan Kacab bank mengaku diperintah oknum. Mereka minta perlindungan hukum ke Panglima TNI dan Kapolri atas hal tersebut."
2025-08-26T16:05:00+07:00,VIDEO: Detik-detik Serangan Kedua Israel Hantam RS Nasser Gaza,https://www.cnnindonesia.com/internasional/20250826135134-124-1266573/video-detik-detik-serangan-kedua-israel-hantam-rs-nasser-gaza,\bserang(an| menyerang| diserang)?\b,"<img src=""https://akcdn.detik.net.id/visual/2025/08/26/thumbnail-video-1756191288061_169.jpeg?w=360&amp;q=90"" /> Sebuah rekaman jurnalis di Gaza menunjukkan serangan kedua Israel saat menghantam Rumah Sakit Nasser, Senin (25/8)."
2025-08-26T15:48:02+07:00,"Total 351 Orang Ditangkap di Demo DPR, 196 Berstatus Anak Dipulangkan",https://www.cnnindonesia.com/nasional/20250826153919-12-1266616/total-351-orang-ditangkap-di-demo-dpr-196-berstatus-anak-dipulangkan,\bdemo(nstrasi)?\b,"<img src=""https://akcdn.detik.net.id/visual/2025/08/25/demo-25-agustus-dpr-bentrok-1756104951690_169.jpeg?w=360&amp;q=90"" /> Polisi menyatakan ratusan orang saat demo 25 Agustus diamankan setelah petugas melakukan imbauan kepada para peserta aksi, namun tak diindahkan."
2025-08-26T15:39:31+00:00,Video platform Kick investigated over streamer's death,https://www.bbc.com/news/articles/czxpepn5qlxo?at_medium=RSS&at_campaign=rss,\battack(s|ed|ing)?\b,"The French government also says it is suing the platform over the death of Raphaël Graven, also known as Jean Pormanove."
2025-08-26T15:00:15+07:00,Gejayan Memanggil Bantah Gelapkan Dana Donasi Demo 25 Agustus,https://www.cnnindonesia.com/nasional/20250826144052-20-1266588/gejayan-memanggil-bantah-gelapkan-dana-donasi-demo-25-agustus,\bdemo(nstrasi)?\b,"<img src=""https://akcdn.detik.net.id/visual/2022/04/10/ilustrasi-demo_169.jpeg?w=360&amp;q=90"" /> Gerakan aktivis Gejayan Memanggil membantah telah melakukan tindakan penggelapan hasil donasi untuk demo 25 Agustus 2025 di berbagai titik."
2025-08-26T14:55:00+07:00,Trump Bakal Hukum Negara yang Pungut Pajak Digital,https://www.cnnindonesia.com/internasional/20250826132858-134-1266563/trump-bakal-hukum-negara-yang-pungut-pajak-digital,\bancam(an| mengancam)?\b,"<img src=""https://akcdn.detik.net.id/visual/2025/04/11/donald-trump-1744361500778_169.jpeg?w=360&amp;q=90"" /> Trump ancam patok tarif baru ke negara-negara yang memungut pajak layanan digital."
2025-08-26T14:15:00+07:00,Polisi Temukan Jejak Peluru di TKP Aparat Timor Leste Tembak Warga NTT,https://www.cnnindonesia.com/nasional/20250826133455-20-1266567/polisi-temukan-jejak-peluru-di-tkp-aparat-timor-leste-tembak-warga-ntt,\bpenembak(an)?\b,"<img src=""https://akcdn.detik.net.id/visual/2020/04/21/7c0e582e-a703-43cb-a572-13055f046d5f_169.jpeg?w=360&amp;q=90"" /> Petugas Inafis menemukan delapan kelongsong peluru dan satu proyektil di TKP penembakan warga Desa Inbate oleh aparat Timor Leste."
2025-08-26T13:44:00+07:00,Trump usai Kerahkan Garda Nasional: Saya Bukan Diktator,https://www.cnnindonesia.com/internasional/20250826130742-139-1266551/video-trump-saya-bukan-diktator,\bserang(an| menyerang| diserang)?\b,"<img src=""https://akcdn.detik.net.id/visual/2025/08/26/thumbnail-video-1756188078459_169.jpeg?w=360&amp;q=90"" /> Presiden AS Donald Trump menanggapi kritik yang ditujukan kepada pemerintahannya terkait pengerahan Pasukan Garda Nasional."
2025-08-26T13:36:41+07:00,"Dasco soal Demo DPR: Aspirasi Dijamin UU, Tapi Ada Caranya",https://www.cnnindonesia.com/nasional/20250826132327-32-1266561/dasco-soal-demo-dpr-aspirasi-dijamin-uu-tapi-ada-caranya,\bdemo(nstrasi)?\b,"<img src=""https://akcdn.detik.net.id/visual/2025/07/31/sufmi-dasco-ahmad-1753969967125_169.jpeg?w=360&amp;q=90"" /> Wakil Ketua DPR Sufmi Dasco menegaskan demo bagian dari penyampaian aspirasi yang dijamin undang-undang, tapi UU juga mengatur tata cara menyampaikan aspirasi."
2025-08-26T13:24:30+07:00,Polisi di Sultra Ditahan Usai Aniaya Kekasih hingga Babak Belur,https://www.cnnindonesia.com/nasional/20250826125957-20-1266559/polisi-di-sultra-ditahan-usai-aniaya-kekasih-hingga-babak-belur,\bdemo(nstrasi)?\b,"<img src=""https://akcdn.detik.net.id/visual/2018/11/27/cffc2132-eb8a-415c-ab2c-c580bcc8f5a3_169.jpeg?w=360&amp;q=90"" /> Bripda LI dari Polres Konawe Utara dilaporkan ke Propam setelah menganiaya kekasihnya AR. Kasus ini diduga dipicu kecemburuan."
2025-08-26T13:09:16+00:00,US House committee requests Epstein 'birthday book' from his estate,https://www.bbc.com/news/articles/cd6n9g8x212o?at_medium=RSS&at_campaign=rss,\bthreat(s|ened|ening)?\b,A panel investigating the disgraced late financier's crimes has subpoenaed an alleged file with notes from associates.
2025-08-26T12:59:40+07:00,Dwi Hartono Tersangka Dalang Penculikan Kacab Bank Punya Usaha Bimbel,https://www.cnnindonesia.com/nasional/20250826124821-12-1266533/dwi-hartono-tersangka-dalang-penculikan-kacab-bank-punya-usaha-bimbel,\bpenculikan\b,"<img src=""https://akcdn.detik.net.id/visual/2015/07/24/0676200f-0af8-4c87-a754-bff6467e55d7_169.jpg?w=360&amp;q=90"" /> Polisi mengonfirmasi sosok Dwi Hartono, tersangka aktor penculikan dan pembunuhan terhadap Ilham Pradipta, merupakan pengusaha bimbingan belajar online."
2025-08-26T12:24:20+07:00,Australia Usir Dubes Iran usai Tuduh Teheran Dalang Serangan Sinagoge,https://www.cnnindonesia.com/internasional/20250826121732-113-1266521/australia-usir-dubes-iran-usai-tuduh-teheran-dalang-serangan-sinagoge,\bserang(an| menyerang| diserang)?\b,"<img src=""https://akcdn.detik.net.id/visual/2025/08/26/australia-irandiplomats-1756185732171_169.jpeg?w=360&amp;q=90"" /> Pemerintah Australia mengusir duta besar Iran di negaranya usai menuduh Teheran dalang di balik serangan antisemit di Melbourne dan Sydney."
2025-08-26T12:00:11+07:00,Trump Ancam Getok Tarif 200 Persen ke China jika Tak Beri Magnet,https://www.cnnindonesia.com/internasional/20250826115340-134-1266506/trump-ancam-getok-tarif-200-persen-ke-china-jika-tak-beri-magnet,\bancam(an| mengancam)?\b,"<img src=""https://akcdn.detik.net.id/visual/2025/08/08/donald-trump-di-oval-office-1754653005688_169.jpeg?w=360&amp;q=90"" /> Presiden Amerika Serikat Donald Trump mengancam akan mematok tarif impor 200 persen untuk barang-barang China jika Beijing tidak mengekspor magnet."
2025-08-26T11:49:23+00:00,Israeli hostage families and demonstrators hold day of protests,https://www.bbc.com/news/videos/ce9373j8zdjo?at_medium=RSS&at_campaign=rss,\bdemonstrat(e|ion|ions|or|ors|ing|ed|es)\b;\bhostage(s|taking)?\b;\bprotest(s|er|ers|ing)?\b,"Families of hostages being held by Hamas are protesting across Israel in a day of marches, rallies and demonstrations."
2025-08-26T11:48:22+00:00,French PM fights for survival as rivals refuse to support confidence vote,https://www.bbc.com/news/articles/c1le1m48mr6o?at_medium=RSS&at_campaign=rss,\battack(s|ed|ing)?\b;\bprotest(s|er|ers|ing)?\b,Opposition parties say they will not back Prime Minister François Bayrou after a he called the vote over deep budget cuts.
2025-08-26T11:28:35+07:00,FOTO: Serangan Keji Israel ke RS Nasser,https://www.cnnindonesia.com/internasional/20250826083814-122-1266417/foto-serangan-keji-israel-ke-rs-nasser,\bserang(an| menyerang| diserang)?\b,"<img src=""https://akcdn.detik.net.id/visual/2025/08/26/serangan-bengis-israel-ke-rs-nasser-bunuh-5-jurnalis-di-gaza-1756172274409_169.jpeg?w=360&amp;q=90"" /> Israel menggempur RS Nasser di Gaza dengan keji, sehingga menewaskan 20 orang termasuk warga Palestina, tenaga kesehatan, hingga jurnalis, Senin (25/8)."
2025-08-26T10:48:04+07:00,"Mobil Pelat Merah Dirusak di Demo DPR, Lurah Manggarai Jadi Korban",https://www.cnnindonesia.com/nasional/20250826103924-20-1266469/mobil-pelat-merah-dirusak-di-demo-dpr-lurah-manggarai-jadi-korban,\bdemo(nstrasi)?\b,"<img src=""https://akcdn.detik.net.id/visual/2025/08/25/demo-25-agustus-dpr-bentrok-1756105218715_169.jpeg?w=360&amp;q=90"" /> Mobil dinas Lurah Manggarai Selatan diserang massa saat demo di Jakarta. Lurah dan sopir selamat, namun mobil hancur dan barang berharga hilang."
2025-08-26T10:44:57+07:00,Pemprov DKI Sayangkan Perusakan CCTV di Pejompongan,https://www.cnnindonesia.com/nasional/20250826103525-20-1266468/pemprov-dki-sayangkan-perusakan-cctv-di-pejompongan,\bdemo(nstrasi)?\b,"<img src=""https://akcdn.detik.net.id/visual/2021/11/30/china-akan-pantau-khusus-warga-asing-lewat-cctv-2_169.jpeg?w=360&amp;q=90"" /> Dinas Komunikasi DKI Jakarta menyesalkan perusakan CCTV saat penanganan demonstrasi di Pejompongan. Mereka akan menindaklanjuti insiden ini dengan serius."
2025-08-26T10:28:13+07:00,"Mobil Pelat ZZH Diamuk Massa Saat Keluar Gedung DPR, Polisi Buka Suara",https://www.cnnindonesia.com/nasional/20250826101424-12-1266454/mobil-pelat-zzh-diamuk-massa-saat-keluar-gedung-dpr-polisi-buka-suara,\bdemo(nstrasi)?\b,"<img src=""https://akcdn.detik.net.id/visual/2025/08/25/demo-ricuh-di-kawasan-pejompongan-1756126037201_169.jpeg?w=360&amp;q=90"" /> Polisi menyelidiki perusakan mobil Hyundai Palisade pelat ZZH oleh massa saat demo di depan DPR. Korban adalah ASN, bukan anggota DPR."
2025-08-26T10:02:55+07:00,VIDEO: Momen Israel Gempur RS Nasser di Gaza,https://www.cnnindonesia.com/internasional/20250826080723-124-1266409/video-momen-israel-gempur-rs-nasser-di-gaza,\bserang(an| menyerang| diserang)?\b,"<img src=""https://akcdn.detik.net.id/visual/2025/08/26/thumbnail-video-1756170638045_169.jpeg?w=360&amp;q=90"" /> Israel melancarkan serangan brutal ke Rumah Sakit Nasser di Jalur Gaza Palestina, Senin (25/8)."
2025-08-26T10:01:15+00:00,Does the US president have the power to sack a Federal Reserve governor?,https://www.bbc.com/news/articles/cedvj2d5538o?at_medium=RSS&at_campaign=rss,\battack(s|ed|ing)?\b;\bthreat(s|ened|ening)?\b,"President Trump takes aim at Lisa Cook, a central bank official - we unpack what it all means."
2025-08-26T09:30:12+07:00,"Israel Hancurkan 1.000 Bangunan di Gaza, Ratusan Orang Tertimbun Puing",https://www.cnnindonesia.com/internasional/20250825141407-120-1266131/israel-hancurkan-1000-bangunan-di-gaza-ratusan-orang-tertimbun-puing,\bserang(an| menyerang| diserang)?\b,"<img src=""https://akcdn.detik.net.id/visual/2025/08/22/detik-detik-rudal-israel-hantam-gedung-di-gaza-1755849028721_169.jpeg?w=360&amp;q=90"" /> Serangan terbaru Israel di Gaza City telah menghancurkan lebih dari 1.000 bangunan, sementara ribuan orang terjebak di bawah reruntuhan."
2025-08-26T09:11:19+07:00,Bupati soal Penembakan Warga di NTT: Timor Leste Tak Patuh Kesepakatan,https://www.cnnindonesia.com/nasional/20250826071732-12-1266403/bupati-soal-penembakan-warga-di-ntt-timor-leste-tak-patuh-kesepakatan,\bpenembak(an)?\b,"<img src=""https://akcdn.detik.net.id/visual/2025/08/26/perbatasan-ri-timor-leste-memanas-1-warga-tertembak-1756165644506_169.jpeg?w=360&amp;q=90"" /> Penembakan warga Desa Inbate di NTT oleh polisi Timor Leste terjadi saat protes pemasangan patok perbatasan."
2025-08-26T08:59:56+07:00,Israel Gusur Ribuan Pohon Zaitun Palestina di Tepi Barat,https://www.cnnindonesia.com/internasional/20250826085336-120-1266430/israel-gusur-ribuan-pohon-zaitun-palestina-di-tepi-barat,\bserang(an| menyerang| diserang)?\b,"<img src=""https://akcdn.detik.net.id/visual/2023/11/07/petani-zaitun-lebanon-panen-di-tengah-perang-hamas-israel_169.jpeg?w=360&amp;q=90"" /> Sekitar 3.000 pohon zaitun milik warga Palestina digusur pasukan militer Israel di dekat Ramallah, Tepi Barat."
2025-08-26T08:36:22+07:00,"Dokter Senior Aniaya Peserta PPDS, RSUP Sardjito DIY Buka Suara",https://www.cnnindonesia.com/nasional/20250826075537-12-1266410/dokter-senior-aniaya-peserta-ppds-rsup-sardjito-diy-buka-suara,\bserang(an| menyerang| diserang)?\b,"<img src=""https://akcdn.detik.net.id/visual/2022/07/22/ilustrasi-perundungan-ilustrasi-bullying-ilustrasi-bully-6_169.jpeg?w=360&amp;q=90"" /> RSUP Dr Sardjito DIY klarifikasi isu kekerasan yang dilakukan dokter senior terhadap peserta PPDS."
2025-08-26T08:12:42+00:00,Australia accuses Iran of directing antisemitic attacks on cafe and synagogue,https://www.bbc.com/news/articles/c9d085n75q3o?at_medium=RSS&at_campaign=rss,\battack(s|ed|ing)?\b,Australia orders Iran's ambassador to leave the country following intelligence services' allegations.
2025-08-26T07:20:22+07:00,Satria Kumbara Luka Parah sampai Israel Nyesal Serang RS di Gaza,https://www.cnnindonesia.com/internasional/20250826071703-120-1266402/satria-kumbara-luka-parah-sampai-israel-nyesal-serang-rs-di-gaza,\bserang(an| menyerang| diserang)?\b,"<img src=""https://akcdn.detik.net.id/visual/2025/07/08/netanyahu-trump-rapat-rencana-jahat-mau-usir-warga-gaza-1751943475144_169.jpeg?w=360&amp;q=90"" /> Berita tentang tentara bayaran Satria Kumbara luka parah hingga Israel menyesal serangan RS di Gaza jadi berita populer dalam 24 jam."
2025-08-26T06:57:18+07:00,FOTO: Demo di DPR hingga Pejompongan Jakarta,https://www.cnnindonesia.com/nasional/20250825204502-22-1266309/foto-demo-di-dpr-hingga-pejompongan-jakarta,\bdemo(nstrasi)?\b,"<img src=""https://akcdn.detik.net.id/visual/2025/08/25/galfot-demo-ricuh-di-kawasan-pejompongan-1756129494429_169.jpeg?w=360&amp;q=90"" /> Sejumlah massa aksi demo berhadapan dengan aparat hingga kawasan Pejompongan, Jakarta."
2025-08-26T06:56:52+07:00,"Erdogan Kutuk Israel Serang RS di Gaza, Sebut Netanyahu Penjahat",https://www.cnnindonesia.com/internasional/20250826065212-120-1266384/erdogan-kutuk-israel-serang-rs-di-gaza-sebut-netanyahu-penjahat,\bserang(an| menyerang| diserang)?\b,"<img src=""https://akcdn.detik.net.id/visual/2024/05/04/recep-tayyip-erdogan_169.jpeg?w=360&amp;q=90"" /> Presiden Turki Recep Tayyip Erdogan mengutuk serangan Israel ke Rumah Sakit Nasser di Gaza yang menewaskan 20 warga Palestina, termasuk jurnalis, Senin (25/8)."
2025-08-26T05:50:05+07:00,Khofifah Respons Kabar Demo Rakyat Jatim 3 September: Aku Fokus Kerja,https://www.cnnindonesia.com/nasional/20250825185749-20-1266277/khofifah-respons-kabar-demo-rakyat-jatim-3-september-aku-fokus-kerja,\bdemo(nstrasi)?\b,"<img src=""https://akcdn.detik.net.id/visual/2025/07/31/gubernur-jawa-timur-khofifah-indar-parawansa-1753937760118_169.jpeg?w=360&amp;q=90"" /> Gubernur Jatim Khofifah merespons kabar rencana aksi demonstrasi Rakyat Jawa Timur Menggugat pada 3 September 2025. Apa jawabnya?"
2025-08-26T05:00:05+07:00,"Pramono Inisiasi RS Royal Batavia Cakung, Target Selesai Tengah 2027",https://www.cnnindonesia.com/nasional/20250826011318-20-1266346/pramono-inisiasi-rs-royal-batavia-cakung-target-selesai-tengah-2027,\bdemo(nstrasi)?\b,"<img src=""https://akcdn.detik.net.id/visual/2025/07/30/gubernur-dki-jakarta-pramono-anung-1753861911556_169.jpeg?w=360&amp;q=90"" /> Pramono Anung menginisiasi pembangunan RS bertaraf internasional di Cakung yang ditargetkan selesai pertengahan 2027."
2025-08-26T03:40:03+07:00,Israel Klaim Nyesal Gempur RS di Gaza yang Tewaskan 20 Orang,https://www.cnnindonesia.com/internasional/20250826010409-120-1266345/israel-klaim-nyesal-gempur-rs-di-gaza-yang-tewaskan-20-orang,\bserang(an| menyerang| diserang)?\b,"<img src=""https://akcdn.detik.net.id/visual/2025/06/17/israel-knessetdissolution-1750127943075_169.jpeg?w=360&amp;q=90"" /> PM Israel Netanyahu mengaku menyesalkan serangan IDF ke RS Nasser di Gaza yang tewaskan 20 orang."
2025-08-26T02:55:48+00:00,South Korea's charm offensive and other takeaways from Trump meeting,https://www.bbc.com/news/articles/cy5pdlgl64zo?at_medium=RSS&at_campaign=rss,\bthreat(s|ened|ening)?\b,"Ahead of Lee's White House visit, anxieties were bubbling in Seoul that the meeting could turn bitter."
2025-08-26T02:30:46+00:00,Watch: Moment massive dust storm surges through Arizona,https://www.bbc.com/news/videos/c4gzd3nzpzjo?at_medium=RSS&at_campaign=rss,\bdemonstrat(e|ion|ions|or|ors|ing|ed|es)\b;\bexplos(ion|ive|ives|ions)\b;\bprotest(s|er|ers|ing)?\b;\bshoot(ing|ings|er|ers)?\b,The wall of dust known as a haboob was propelled by thunderstorm winds through parts of Arizona's Pinal County.
2025-08-26T00:40:00+07:00,Propam Periksa Ajudan Kapolres Madina Penabrak Siswi SMA hingga Tewas,https://www.cnnindonesia.com/nasional/20250825203238-12-1266308/propam-periksa-ajudan-kapolres-madina-penabrak-siswi-sma-hingga-tewas,\bserang(an| menyerang| diserang)?\b,"<img src=""https://akcdn.detik.net.id/visual/2019/09/14/5cf965a3-c769-46ef-a4b8-ca0c095cfd58_169.jpeg?w=360&amp;q=90"" /> Bripda AK, ajudan Kapolres Madina, diperiksa Propam setelah menabrak dan menyebabkan kematian siswi. Polisi menyelidiki kecelakaan tersebut."
2025-08-26T00:01:00+07:00,Polisi Selidiki Laporan Dugaan Rektor UNM  Lecehkan Dosen,https://www.cnnindonesia.com/nasional/20250825231408-12-1266335/polisi-selidiki-laporan-dugaan-rektor-unm-lecehkan-dosen,\bserang(an| menyerang| diserang)?\b,"<img src=""https://akcdn.detik.net.id/visual/2020/12/23/ilustrasi-whatsapp-8_169.jpeg?w=360&amp;q=90"" /> Polda Sulsel selidiki dugaan pelecehan seksual dari rektor UNM ke dosen. Rektor UNM Prof. Karta Jayadi telah bantah tuduhan itu."
2025-08-25T23:38:56+00:00,Founder of Mexico's Sinaloa cartel 'El Mayo' enters guilty plea,https://www.bbc.com/news/articles/c2eny8nz94vo?at_medium=RSS&at_campaign=rss,\bthreat(s|ened|ening)?\b,"Ismael ""El Mayo"" Zambada was arrested in July 2024, and is due to be sentenced in the coming months."
2025-08-25T23:17:45+00:00,Child sex abuse victim begs Elon Musk to remove links to her images,https://www.bbc.com/news/articles/cq587wv4d5go?at_medium=RSS&at_campaign=rss,\bthreat(s|ened|ening)?\b,BBC investigation finds US victim's images are traded globally by an operator based in Indonesia.
2025-08-25T23:05:34+00:00,Lil Nas X pleads not guilty to four felony charges after LA arrest,https://www.bbc.com/news/articles/cly4ey0nm7xo?at_medium=RSS&at_campaign=rss,\battack(s|ed|ing)?\b;\bthreat(s|ened|ening)?\b,"The rapper, whose legal name is Montero Lamar Hill, was detained last week while wandering the streets in his underwear."
2025-08-25T22:10:55+00:00,Ukraine's naval band joins Scots Guards for joint performance,https://www.bbc.com/news/videos/c627qgke3w3o?at_medium=RSS&at_campaign=rss,\bdemonstrat(e|ion|ions|or|ors|ing|ed|es)\b;\bexplos(ion|ive|ives|ions)\b;\bprotest(s|er|ers|ing)?\b,The two military bands were playing at Buckingham Palace to mark the the 34th Independence Day of Ukraine.
2025-08-25T22:07:21+00:00,Taiwan is preparing for a Chinese attack but its people don't think war is coming soon,https://www.bbc.com/news/articles/cp94v42gmg9o?at_medium=RSS&at_campaign=rss,\battack(s|ed|ing)?\b,"Leaders are strengthening its defence, but most Taiwanese believe it is unlikely China will invade soon."
2025-08-25T21:10:48+00:00,First human case of flesh-eating screwworm parasite confirmed in US,https://www.bbc.com/news/articles/c4geyg55jvyo?at_medium=RSS&at_campaign=rss,\bthreat(s|ened|ening)?\b,"New World screwworm myiasis was found in a patient who returned to the US from El Salvador, authorities say."
2025-08-25T19:54:02+00:00,French helicopter crew survive crash into lake,https://www.bbc.com/news/videos/cdd3j708ngno?at_medium=RSS&at_campaign=rss,\bdemonstrat(e|ion|ions|or|ors|ing|ed|es)\b;\bexplos(ion|ive|ives|ions)\b;\bprotest(s|er|ers|ing)?\b,The helicopter was attempting to collect water to fight wildfires at the time of the crash.
2025-08-25T19:14:45+00:00,Watch: Trump says he wants to meet Kim Jong Un,https://www.bbc.com/news/videos/c4gzy1qjrpxo?at_medium=RSS&at_campaign=rss,\battack(s|ed|ing)?\b;\bbomb(ing|ings|ed|s)?\b;\bprotest(s|er|ers|ing)?\b;\bsecurity\b;\bthreat(s|ened|ening)?\b,"In a meeting with South Korean President Lee Jae Myung, Trump said he will meet with the North Korean leader in the ""appropriate future""."
2025-08-25T18:31:54+00:00,Five journalists among 20 killed in Israeli double strike on hospital,https://www.bbc.com/news/articles/cp89rp48246o?at_medium=RSS&at_campaign=rss,\battack(s|ed|ing)?\b;\bbomb(ing|ings|ed|s)?\b;\bdemonstrat(e|ion|ions|or|ors|ing|ed|es)\b;\bexplos(ion|ive|ives|ions)\b;\bhostage(s|taking)?\b;\bprotest(s|er|ers|ing)?\b,"Israeli Prime Minister Benjamin Netanyahu said it was a ""tragic mishap"" and promised a ""thorough investigation""."
2025-08-25T17:25:00+07:00,VIDEO: Paus Leo XIV Serukan Perdamaian di Hari Kemerdekaan Ukraina,https://www.cnnindonesia.com/internasional/20250825120252-139-1266068/video-paus-leo-xiv-serukan-perdamaian-di-hari-kemerdekaan-ukraina,\bserang(an| menyerang| diserang)?\b,"<img src=""https://akcdn.detik.net.id/visual/2025/08/25/thumbnail-video-1756098326685_169.jpeg?w=360&amp;q=90"" /> Paus Leo XIV menyerukan perdamaian bagi Ukraina saat negara itu memperingati Hari Kemerdekaan, Minggu (24/8)."
2025-08-25T17:15:24+07:00,"Israel Bom RS Nasser Gaza, 3 Jurnalis Media Barat Tewas",https://www.cnnindonesia.com/internasional/20250825170855-120-1266227/israel-gempur-rs-nasser-gaza-jurnalis-al-jazeera-sampai-reuters-tewas,\bbom(ber|bunuhdiri| meledak| meledakkan| ledakan)?\b;\bserang(an| menyerang| diserang)?\b,"<img src=""https://akcdn.detik.net.id/visual/2025/03/25/seorang-jurnalis-al-jazeera-di-gaza-tewas-usai-mobilnya-dibom-israel-1742887658378_169.jpeg?w=360&amp;q=90"" /> Israel lagi-lagi melancarkan serangan brutal ke Rumah Sakit Nasser di Jalur Gaza Palestina menggunakan drone berbahan peledak pada Senin (25/8)."
2025-08-25T14:40:00+07:00,Ini Penyebab Utama Bencana Kelaparan Terjang Gaza,https://www.cnnindonesia.com/internasional/20250825122741-120-1266078/gaza-darurat-bencana-kelaparan-apa-penyebabnya,\bsecurity\b,"<img src=""https://akcdn.detik.net.id/visual/2025/07/24/potret-anak-anak-malnutrisi-korban-kelaparan-di-gaza-1753328655232_169.jpeg?w=360&amp;q=90"" /> Integrated Food Security Phase Classification (IPC) menyatakan bencana kelaparan atau famine telah resmi melanda Jalur Gaza, Palestina."
2025-08-25T12:35:18+07:00,Khamenei Bersumpah Iran Tak Akan Tunduk ke AS soal Nuklir,https://www.cnnindonesia.com/internasional/20250825121125-120-1266070/khamenei-bersumpah-iran-tak-akan-tunduk-ke-as-soal-nuklir,\bserang(an| menyerang| diserang)?\b,"<img src=""https://akcdn.detik.net.id/visual/2020/03/13/3e3f4de4-555b-497f-8187-d000e084a741_169.jpeg?w=360&amp;q=90"" /> Pemimpin tertinggi Iran Khamenei menegaskan negaranya tak akan pernah tunduk ke AS soal Iran, meski didesak sejumlah pihak."
2025-08-25T11:24:13+07:00,FOTO: Yaman 'Membara' Dibombardir Serangan Udara Israel,https://www.cnnindonesia.com/internasional/20250825063850-122-1265945/foto-yaman-membara-dibombardir-serangan-udara-israel,\bserang(an| menyerang| diserang)?\b,"<img src=""https://akcdn.detik.net.id/visual/2025/08/25/israel-serang-yaman-4-tewas-dan-67-orang-luka-1756078672225_169.jpeg?w=360&amp;q=90"" /> Serangan udara Israel ke Yaman pada Minggu (24/8) menyebabkan empat orang tewas dan 67 orang lainnya mengalami luka-luka."
2025-08-25T09:45:06+07:00,VIDEO: Eiffel Menyala Biru-Kuning Peringati Hari Kemerdekaan Ukraina,https://www.cnnindonesia.com/internasional/20250825080515-139-1265964/video-eiffel-menyala-biru-kuning-peringati-hari-kemerdekaan-ukraina,\bserang(an| menyerang| diserang)?\b,"<img src=""https://akcdn.detik.net.id/visual/2025/08/25/thumbnail-video-1756084045427_169.jpeg?w=360&amp;q=90"" /> Menara Eiffel di Paris menyala biru dan kuning, Minggu (24/8), untuk menandai Hari Kemerdekaan Ukraina ke-34."
2025-08-25T08:35:27+07:00,"VIDEO: Detik-detik Serangan Israel di Sanaa Yaman, 4 Orang Tewas",https://www.cnnindonesia.com/internasional/20250825073746-124-1265958/video-detik-detik-serangan-israel-di-sanaa-yaman-4-orang-tewas,\bserang(an| menyerang| diserang)?\b,"<img src=""https://akcdn.detik.net.id/visual/2025/08/25/thumbnail-video-1756082415592_169.jpeg?w=360&amp;q=90"" /> Juru bicara Kementerian Kesehatan Houthi melaporkan empat orang tewas dan 67 orang terluka akibat serangan udara Israel di Sanaa, Yaman, Minggu (24/8)."
2025-08-25T08:00:58+07:00,Satria Kumbara Luka Parah di Kepala Kena Serangan Drone Ukraina,https://www.cnnindonesia.com/internasional/20250825074732-134-1265960/satria-kumbara-luka-parah-di-kepala-kena-serangan-drone-ukraina,\bserang(an| menyerang| diserang)?\b,"<img src=""https://akcdn.detik.net.id/visual/2025/07/24/satria-kumbara-1753333250118_169.jpeg?w=360&amp;q=90"" /> Eks TNI AL Satria Kumbara diduga luka parah di kepala terkena serangan drone kamikaze dan motrir Ukraina."
2025-08-25T07:17:36+07:00,Israel Serang Yaman sampai Negara Arab Kutuk Genosida di Jalur Gaza,https://www.cnnindonesia.com/internasional/20250825071227-120-1265955/israel-serang-yaman-sampai-negara-arab-kutuk-genosida-di-jalur-gaza,\bserang(an| menyerang| diserang)?\b,"<img src=""https://akcdn.detik.net.id/visual/2025/08/25/israel-serang-yaman-4-tewas-dan-67-orang-luka-1756078672225_169.jpeg?w=360&amp;q=90"" /> Israel luncurkan serangan udara ke Yaman sampai negara-negara Arab kompak kutuk genosida di Gaza."
2025-08-25T05:20:09+07:00,"Serangan ke Yaman, Netanyahu Peringatkan Houthi Risiko Melawan Israel",https://www.cnnindonesia.com/internasional/20250825035109-120-1265919/serangan-ke-yaman-netanyahu-peringatkan-houthi-risiko-melawan-israel,\bserang(an| menyerang| diserang)?\b,"<img src=""https://akcdn.detik.net.id/visual/2025/08/11/israel-palestiniansnetanyahu-1754853242433_169.jpeg?w=360&amp;q=90"" /> Perdana Menteri Israel Benjamin Netanyahu memperingatkan kelompok Houthi bahwa mereka harus membayar harga yang sangat mahal akibat melawan Israel."
2025-08-25T04:50:56+07:00,"Update Korban Serangan Israel di Yaman, 4 Tewas dan 67 Luka",https://www.cnnindonesia.com/internasional/20250825041412-120-1265921/update-korban-serangan-israel-di-yaman-4-tewas-dan-67-luka,\bserang(an| menyerang| diserang)?\b,"<img src=""https://akcdn.detik.net.id/visual/2025/05/06/asap-mengepul-setelah-serangan-udara-israel-terhadap-infrastruktur-milik-kelompok-houthi-di-sanaa-yaman-selasa-652025-reutersk-1746538990507_169.jpeg?w=360&amp;q=90"" /> Kelompok Houthi menyebut setidaknya empat orang tewas dan 67 orang luka-luka. Sebelumnya dilaporkan dua orang tewas dan lima orang terluka."
2025-08-25T04:20:41+07:00,Angkatan Darat dan Laut Israel Koordinasi untuk Kuasai Kota Gaza,https://www.cnnindonesia.com/internasional/20250825032355-120-1265917/angkatan-darat-dan-laut-israel-koordinasi-untuk-kuasai-kota-gaza,\bserang(an| menyerang| diserang)?\b,"<img src=""https://akcdn.detik.net.id/visual/2025/02/03/israel-palestinian-conflict-gaza_169.jpeg?w=360&amp;q=90"" /> Panglima Angkatan Darat Israel Eyal Zamir menyatakan pihaknya dan Angkatan Laut bakal meningkatkan serangan di Kota Gaza."
2025-08-25T03:30:18+07:00,Nigeria Deportasi Pemimpin Geng Terkenal yang jadi Buron di China,https://www.cnnindonesia.com/internasional/20250825021857-127-1265913/nigeria-deportasi-pemimpin-geng-terkenal-yang-jadi-buron-di-china,\bpenculikan\b,"<img src=""https://akcdn.detik.net.id/visual/2023/05/30/ilustrasi-penangkapan-3_169.jpeg?w=360&amp;q=90"" /> Nigeria deportasi Dai Qisheng, seorang pemimpin geng kenamaan yang jadi buron di China."
2025-08-25T03:01:36+00:00,Hongkongers squawk-off in city's first bird call contest,https://www.bbc.com/news/videos/ce83mgm7n1zo?at_medium=RSS&at_campaign=rss,\battack(s|ed|ing)?\b;\bbomb(ing|ings|ed|s)?\b,Bird lovers dressed up and took to the stage to mimic rhythmic calls in a competition aimed at promoting conservation awareness.
2025-08-25T02:46:58+00:00,"Jerry Adler, who starred in The Sopranos, dies aged 96",https://www.bbc.com/news/articles/c36jyp6w32go?at_medium=RSS&at_campaign=rss,\bthreat(s|ened|ening)?\b,"Adler started acting in his early 60s, after some 30 years working behind the scenes on Broadway."
2025-08-25T01:40:12+07:00,Zelensky Sebut Pertemuan dengan Putin Efektif Akhiri Perang,https://www.cnnindonesia.com/internasional/20250825005712-134-1265909/zelensky-sebut-pertemuan-dengan-putin-efektif-akhiri-perang,\bserang(an| menyerang| diserang)?\b,"<img src=""https://akcdn.detik.net.id/visual/2025/03/20/presiden-ukraina-volodymyr-zelensky-1742457741387_169.jpeg?w=360&amp;q=90"" /> Presiden Ukraina Volodymyr Zelensky menilai pertemuannya dengan Presiden Rusia Vladimir Putin merupakan cara efektif untuk mengakhiri perang."
2025-08-25T01:03:35+00:00,Chinese property giant Evergrande delisted after spectacular fall,https://www.bbc.com/news/articles/c14g7r44566o?at_medium=RSS&at_campaign=rss,\battack(s|ed|ing)?\b;\bthreat(s|ened|ening)?\b,The embattled property giant's shares were taken off the Hong Kong stock market on Monday.
2025-08-25T00:13:00+00:00,France summons US envoy over antisemitism claims,https://www.bbc.com/news/articles/cq58102wz47o?at_medium=RSS&at_campaign=rss,\battack(s|ed|ing)?\b;\bexplos(ion|ive|ives|ions)\b;\bhostage(s|taking)?\b;\bsecurity\b,France denies allegations it is failing to tackle a surge in antisemitism since the Gaza war began.
2025-08-24T23:40:26+07:00,Serangan Udara Israel ke Yaman Tewaskan 2 Orang,https://www.cnnindonesia.com/internasional/20250824230026-120-1265903/serangan-udara-israel-ke-yaman-tewaskan-2-orang,\bserang(an| menyerang| diserang)?\b,"<img src=""https://akcdn.detik.net.id/visual/2025/05/07/kerusakan-setelah-serangan-udara-israel-di-bandara-internasional-sanaa-yaman-rabu-752025reuterskhaled-abdullah-1746605781157_169.jpeg?w=360&amp;q=90"" /> Sebanyak dua orang tewas dan lima orang luka-luka akibat serangan udara Israel ke Sanaa, ibu kota Yaman pada Minggu (24/8)."
2025-08-24T23:06:41+00:00,How Russia is quietly trying to win over the world beyond the West,https://www.bbc.com/news/articles/cm2vr37yd4no?at_medium=RSS&at_campaign=rss,\battack(s|ed|ing)?\b;\bsecurity\b;\bshoot(ing|ings|er|ers)?\b;\bthreat(s|ened|ening)?\b,"Over the past three years, Russian state-backed news channel RT has expanded its international presence."
2025-08-24T23:00:35+00:00,A cut-off finger ended her comfortable family life. Now she's hiding from US officials,https://www.bbc.com/news/articles/cvg4kd385e4o?at_medium=RSS&at_campaign=rss,\bterror(ism|ist|ize|ized|izing|s)?\b,Donald Trump declared some cartels to be terrorist organisations. So why are the victims of cartels in hiding?
2025-08-24T22:15:37+07:00,PM Kanada Mark Carney Serukan Gencatan Senjata di Ukraina,https://www.cnnindonesia.com/internasional/20250824213429-134-1265898/pm-kanada-mark-carney-serukan-gencatan-senjata-di-ukraina,\bserang(an| menyerang| diserang)?\b,"<img src=""https://akcdn.detik.net.id/visual/2025/07/31/kanada-akan-akui-negara-palestina-di-sidang-pbb-1753938812558_169.jpeg?w=360&amp;q=90"" /> Dalam kunjungannya ke Ukraina, Carney menggunakan kesempatan ini untuk menyerukan gencatan senjata."
2025-08-24T22:07:45+00:00,Monsoon rains happen every year. So why do so many die in Pakistan?,https://www.bbc.com/news/articles/c860e6d4dyqo?at_medium=RSS&at_campaign=rss,\bsecurity\b,"Since June of this year alone, monsoon rains have killed at least 750 people across the country."
2025-08-24T21:58:09+00:00,Trump threatens to deploy troops to Baltimore to 'clean up' crime,https://www.bbc.com/news/articles/c78mymx7mpko?at_medium=RSS&at_campaign=rss,\bthreat(s|ened|ening)?\b,"The deployment of military for domestic law enforcement has drawn backlash from Democrats, with one governor calling it an ""abuse of power""."
2025-08-24T21:04:11+00:00,Inside Donetsk as residents flee attacks on Ukrainian region Putin wants to control,https://www.bbc.com/news/articles/c209yn1ygz6o?at_medium=RSS&at_campaign=rss,\battack(s|ed|ing)?\b,Quentin Sommerville follows volunteers carrying out evacuations in eastern Ukraine as drone attacks rage.
2025-08-24T19:56:03+07:00,"AS-Venezuela Tegang, Ini Alasan Trump Kirim 3 Kapal Perang",https://www.cnnindonesia.com/internasional/20250824193715-134-1265888/as-venezuela-tegang-ini-alasan-trump-kirim-3-kapal-perang,\bancam(an| mengancam)?\b,"<img src=""https://akcdn.detik.net.id/visual/2025/01/07/venezuela-alba-tcp-summit_169.jpeg?w=360&amp;q=90"" /> Presiden Trump mengerahkan tiga kapal perang ke Venezuela untuk memberantas narkoba. Presiden Venezuela Nicolas Maduro langsung memobilisasi milisi."
2025-08-24T14:34:38+00:00,"More than 500,000 ordered to evacuate as typhoon heads for Vietnam",https://www.bbc.com/news/articles/cx2pw5ypwqeo?at_medium=RSS&at_campaign=rss,\battack(s|ed|ing)?\b,"Typhoon Kajiki is brushing past Hainan in China before heading for Vietnam, forecasters say."
2025-08-24T14:28:05+07:00,"Jurnalis Tewas di Gaza Capai 240 Orang, Lampaui Angka Perang Dunia",https://www.cnnindonesia.com/internasional/20250824124618-120-1265766/jurnalis-tewas-di-gaza-capai-240-orang-lampaui-angka-perang-dunia,\bserang(an| menyerang| diserang)?\b,"<img src=""https://akcdn.detik.net.id/visual/2025/03/25/seorang-jurnalis-al-jazeera-di-gaza-tewas-usai-mobilnya-dibom-israel-1742887603264_169.jpeg?w=360&amp;q=90"" /> Jumlah jurnalis yang tewas akibat serangan Israel dalam perang yang berlangsung di Jalur Gaza telah mencapai 240 orang."
2025-08-24T14:26:21+00:00,"Three sisters drown in migrant boat in Mediterranean, rescuers say",https://www.bbc.com/news/articles/cp89rqgjq1no?at_medium=RSS&at_campaign=rss,\bbomb(ing|ings|ed|s)?\b,"There was ""sheer horror"" when survivors realised that the girls aged nine, 11 and 17 had died, a rescuer says."
2025-08-24T12:40:00+07:00,"Ukraina Serang Kilang Minyak Rusia, Harga Bensin Moskow Naik Tajam",https://www.cnnindonesia.com/internasional/20250824113448-134-1265754/ukraina-serang-kilang-minyak-rusia-harga-bensin-moskow-naik-tajam,\bserang(an| menyerang| diserang)?\b,"<img src=""https://akcdn.detik.net.id/visual/2025/03/11/ukraina-luncurkan-serangan-drone-terbesar-ke-ibu-kota-rusia-1741679125204_169.jpeg?w=360&amp;q=90"" /> Serangan Ukraina ke kilang minyak hingga stasiun pompa Rusia menyebabkan harga bensin di Moskow capai rekor tertinggi."
2025-08-24T12:18:44+00:00,Israel pounds Gaza City in preparation for planned offensive,https://www.bbc.com/news/articles/cvg478y8l09o?at_medium=RSS&at_campaign=rss,\battack(s|ed|ing)?\b,"Sixty-four people were killed in Israeli attacks across Gaza in the past 24 hours, the territory's Hamas-run health ministry said."
2025-08-24T11:30:51+07:00,VIDEO: Aktivis Bentangkan Spanduk Anti Trump di Patung Kristus,https://www.cnnindonesia.com/internasional/20250824110929-139-1265749/video-aktivis-bentangkan-spanduk-anti-trump-di-patung-kristus,\bserang(an| menyerang| diserang)?\b,"<img src=""https://akcdn.detik.net.id/visual/2025/08/24/thumbnail-video-1756008651935_169.jpeg?w=360&amp;q=90"" /> Anggota Alvorada Collective membentangkan spanduk anti-Trump di landmark ikonik Patung Kristus Penebus, Rio de Janeiro, Sabtu (23/8)."
2025-08-24T10:39:23+00:00,Watch: Solar-powered cars start epic Australian outback race,https://www.bbc.com/news/videos/ckgd7r2mrl2o?at_medium=RSS&at_campaign=rss,\bprotest(s|er|ers|ing)?\b,Thirty-four teams from all over the world are competing to win the 2025 Bridgestone World Solar Challenge.
2025-08-24T07:36:33+00:00,My trip to North Korea's 'Benidorm' - flanked by guards and full of rules,https://www.bbc.com/news/articles/c707d1ez0kno?at_medium=RSS&at_campaign=rss,\battack(s|ed|ing)?\b;\bsecurity\b,"Anastasia, one of the first Russian visitors to North Korea's new resort, tells of ""immaculate"" beaches, meaty meals and strict rules."
2025-08-23T18:09:44+00:00,Hawaii's Kilauea volcano erupts creating lava fountain,https://www.bbc.com/news/videos/c2072dxz1p7o?at_medium=RSS&at_campaign=rss,\bdemonstrat(e|ion|ions|or|ors|ing|ed|es)\b;\bexplos(ion|ive|ives|ions)\b;\bprotest(s|er|ers|ing)?\b;\bshoot(ing|ings|er|ers)?\b,"Kilauea, on Hawaii's Big Island, started spewing fresh lava on 22 August, the Hawaiian Volcano Observatory said."
2025-08-23T13:03:06+00:00,"Prison conduct, remorse and contraband: What we learned from Menendez parole hearings",https://www.bbc.com/news/articles/c3ez2j3jzgjo?at_medium=RSS&at_campaign=rss,\bthreat(s|ened|ening)?\b,"Phones, candles and behaviour by the long-term US inmates factored into the refusal of their release."
